url,http_status,final_url,robots_allowed,canonical,meta_robots,title,h1,meta_description,word_count,jsonld_types,googlebot_status,outlinks
/,200,https://www.tukipass.com/,True,https://www.tukipass.com,"index,follow,max-image-preview:large",Entradas y Tickets Online para Eventos en Argentina | Tukipass.com,Reservá entradas para vivir lo que viene,Home Description,218,Organization|WebSite,200,https://www.tukipass.com;https://www.tukipass.com/blog;https://www.tukipass.com/contacto;https://www.tukipass.com/defensa-al-consumidor;https://www.tukipass.com/eliminacion-de-datos;https://www.tukipass.com/eventos;https://www.tukipass.com/eventos?category=conciertos-y-musica;https://www.tukipass.com/eventos?category=conferencias;https://www.tukipass.com/eventos?category=deportes;https://www.tukipass.com/eventos?category=teatro-y-shows;https://www.tukipass.com/eventos?dates=2026-08-21%20to%202026-08-21;https://www.tukipass.com/eventos?dates=2026-08-28%20to%202026-08-30;https://www.tukipass.com/eventos?pricing=free;https://www.tukipass.com/eventos?pricing=paid;https://www.tukipass.com/login;https://www.tukipass.com/organizadores;https://www.tukipass.com/politica-de-cookies;https://www.tukipass.com/politica-de-privacidad;https://www.tukipass.com/politica-de-reembolsos;https://www.tukipass.com/preguntas-frecuentes;https://www.tukipass.com/registro;https://www.tukipass.com/sobre-nosotros;https://www.tukipass.com/terminos-y-condiciones
/eventos,200,https://www.tukipass.com/eventos,True,https://www.tukipass.com/eventos,"index,follow,max-image-preview:large",Eventos en Argentina · Entradas y Tickets Online | Tukipass.com,Eventos para elegirsin perder tiempo,Event  Description,238,Organization|WebSite,200,https://www.tukipass.com;https://www.tukipass.com/blog;https://www.tukipass.com/contacto;https://www.tukipass.com/defensa-al-consumidor;https://www.tukipass.com/eliminacion-de-datos;https://www.tukipass.com/eventos;https://www.tukipass.com/eventos?category=conciertos-y-musica;https://www.tukipass.com/eventos?category=conferencias;https://www.tukipass.com/eventos?category=deportes;https://www.tukipass.com/eventos?category=teatro-y-shows;https://www.tukipass.com/eventos?dates=2026-08-21%20a%202026-08-21;https://www.tukipass.com/eventos?dates=2026-08-28%20a%202026-08-30;https://www.tukipass.com/eventos?event=;https://www.tukipass.com/eventos?pricing=free;https://www.tukipass.com/eventos?pricing=paid;https://www.tukipass.com/login;https://www.tukipass.com/organizadores;https://www.tukipass.com/politica-de-cookies;https://www.tukipass.com/politica-de-privacidad;https://www.tukipass.com/politica-de-reembolsos;https://www.tukipass.com/preguntas-frecuentes;https://www.tukipass.com/registro;https://www.tukipass.com/sobre-nosotros;https://www.tukipass.com/terminos-y-condiciones
/blog,200,https://www.tukipass.com/blog,True,https://www.tukipass.com/blog,"index,follow,max-image-preview:large","Novedades
   | Tukipass.com",Novedades,Blog Description,172,Organization|WebSite|Blog,200,https://www.tukipass.com;https://www.tukipass.com/blog;https://www.tukipass.com/blog?category=business;https://www.tukipass.com/blog?category=conference;https://www.tukipass.com/blog?category=others;https://www.tukipass.com/blog?category=wedding;https://www.tukipass.com/contacto;https://www.tukipass.com/defensa-al-consumidor;https://www.tukipass.com/eliminacion-de-datos;https://www.tukipass.com/eventos;https://www.tukipass.com/login;https://www.tukipass.com/organizadores;https://www.tukipass.com/politica-de-cookies;https://www.tukipass.com/politica-de-privacidad;https://www.tukipass.com/politica-de-reembolsos;https://www.tukipass.com/preguntas-frecuentes;https://www.tukipass.com/registro;https://www.tukipass.com/sobre-nosotros;https://www.tukipass.com/terminos-y-condiciones
/organizadores,200,https://www.tukipass.com/organizadores,True,https://www.tukipass.com/organizadores,"index,follow,max-image-preview:large","Productores
   | Tukipass.com",,Organizer Description,493,Organization|WebSite,200,https://www.tukipass.com;https://www.tukipass.com/blog;https://www.tukipass.com/contacto;https://www.tukipass.com/defensa-al-consumidor;https://www.tukipass.com/eliminacion-de-datos;https://www.tukipass.com/eventos;https://www.tukipass.com/example.com;https://www.tukipass.com/login;https://www.tukipass.com/organizadores;https://www.tukipass.com/politica-de-cookies;https://www.tukipass.com/politica-de-privacidad;https://www.tukipass.com/politica-de-reembolsos;https://www.tukipass.com/preguntas-frecuentes;https://www.tukipass.com/registro;https://www.tukipass.com/sobre-nosotros;https://www.tukipass.com/terminos-y-condiciones
/sobre-nosotros,200,https://www.tukipass.com/sobre-nosotros,True,https://www.tukipass.com/sobre-nosotros,"index,follow,max-image-preview:large","Nosotros
   | Tukipass.com",Nosotros,about us descriptions,910,Organization|WebSite|BreadcrumbList,200,https://www.tukipass.com;https://www.tukipass.com/blog;https://www.tukipass.com/contacto;https://www.tukipass.com/defensa-al-consumidor;https://www.tukipass.com/eliminacion-de-datos;https://www.tukipass.com/eventos;https://www.tukipass.com/example.com;https://www.tukipass.com/login;https://www.tukipass.com/organizadores;https://www.tukipass.com/politica-de-cookies;https://www.tukipass.com/politica-de-privacidad;https://www.tukipass.com/politica-de-reembolsos;https://www.tukipass.com/preguntas-frecuentes;https://www.tukipass.com/registro;https://www.tukipass.com/sobre-nosotros;https://www.tukipass.com/terminos-y-condiciones
/contacto,200,https://www.tukipass.com/contacto,True,https://www.tukipass.com/contacto,"index,follow,max-image-preview:large","Contacto
 | Tukipass.com",,Contact Description,197,Organization|WebSite,200,https://www.tukipass.com;https://www.tukipass.com/blog;https://www.tukipass.com/contacto;https://www.tukipass.com/defensa-al-consumidor;https://www.tukipass.com/eliminacion-de-datos;https://www.tukipass.com/eventos;https://www.tukipass.com/login;https://www.tukipass.com/organizadores;https://www.tukipass.com/politica-de-cookies;https://www.tukipass.com/politica-de-privacidad;https://www.tukipass.com/politica-de-reembolsos;https://www.tukipass.com/preguntas-frecuentes;https://www.tukipass.com/registro;https://www.tukipass.com/sobre-nosotros;https://www.tukipass.com/terminos-y-condiciones
/preguntas-frecuentes,200,https://www.tukipass.com/preguntas-frecuentes,True,https://www.tukipass.com/preguntas-frecuentes,"index,follow,max-image-preview:large","Ayuda
   | Tukipass.com",Ayuda,FAQ Description,505,Organization|WebSite|BreadcrumbList|FAQPage,200,https://www.tukipass.com;https://www.tukipass.com/blog;https://www.tukipass.com/contacto;https://www.tukipass.com/defensa-al-consumidor;https://www.tukipass.com/eliminacion-de-datos;https://www.tukipass.com/eventos;https://www.tukipass.com/login;https://www.tukipass.com/organizadores;https://www.tukipass.com/politica-de-cookies;https://www.tukipass.com/politica-de-privacidad;https://www.tukipass.com/politica-de-reembolsos;https://www.tukipass.com/preguntas-frecuentes;https://www.tukipass.com/registro;https://www.tukipass.com/sobre-nosotros;https://www.tukipass.com/terminos-y-condiciones
/tienda,200,https://www.tukipass.com/,True,https://www.tukipass.com,"index,follow,max-image-preview:large",Entradas y Tickets Online para Eventos en Argentina | Tukipass.com,Reservá entradas para vivir lo que viene,Home Description,218,Organization|WebSite,200,https://www.tukipass.com;https://www.tukipass.com/blog;https://www.tukipass.com/contacto;https://www.tukipass.com/defensa-al-consumidor;https://www.tukipass.com/eliminacion-de-datos;https://www.tukipass.com/eventos;https://www.tukipass.com/eventos?category=conciertos-y-musica;https://www.tukipass.com/eventos?category=conferencias;https://www.tukipass.com/eventos?category=deportes;https://www.tukipass.com/eventos?category=teatro-y-shows;https://www.tukipass.com/eventos?dates=2026-08-21%20to%202026-08-21;https://www.tukipass.com/eventos?dates=2026-08-28%20to%202026-08-30;https://www.tukipass.com/eventos?pricing=free;https://www.tukipass.com/eventos?pricing=paid;https://www.tukipass.com/login;https://www.tukipass.com/organizadores;https://www.tukipass.com/politica-de-cookies;https://www.tukipass.com/politica-de-privacidad;https://www.tukipass.com/politica-de-reembolsos;https://www.tukipass.com/preguntas-frecuentes;https://www.tukipass.com/registro;https://www.tukipass.com/sobre-nosotros;https://www.tukipass.com/terminos-y-condiciones
/terminos-y-condiciones,200,https://www.tukipass.com/terminos-y-condiciones,True,https://www.tukipass.com/terminos-y-condiciones,"index,follow,max-image-preview:large","Términos y condiciones
 | Tukipass.com",Términos y condiciones,"Conocé los términos de uso de TukiPass, operada por TAYRONA - GROUP S.A.S., para compradores y organizadores.",1002,Organization|WebSite,200,https://www.tukipass.com;https://www.tukipass.com/blog;https://www.tukipass.com/contacto;https://www.tukipass.com/defensa-al-consumidor;https://www.tukipass.com/eliminacion-de-datos;https://www.tukipass.com/eventos;https://www.tukipass.com/login;https://www.tukipass.com/organizadores;https://www.tukipass.com/politica-de-cookies;https://www.tukipass.com/politica-de-privacidad;https://www.tukipass.com/politica-de-reembolsos;https://www.tukipass.com/preguntas-frecuentes;https://www.tukipass.com/registro;https://www.tukipass.com/sobre-nosotros;https://www.tukipass.com/terminos-y-condiciones
/politica-de-privacidad,200,https://www.tukipass.com/politica-de-privacidad,True,https://www.tukipass.com/politica-de-privacidad,"index,follow,max-image-preview:large","Política de privacidad
 | Tukipass.com",Política de privacidad,"Conocé cómo TukiPass, operada por TAYRONA - GROUP S.A.S., recopila, usa y protege tus datos personales.",1076,Organization|WebSite,200,https://www.tukipass.com;https://www.tukipass.com/blog;https://www.tukipass.com/contacto;https://www.tukipass.com/defensa-al-consumidor;https://www.tukipass.com/eliminacion-de-datos;https://www.tukipass.com/eventos;https://www.tukipass.com/login;https://www.tukipass.com/organizadores;https://www.tukipass.com/politica-de-cookies;https://www.tukipass.com/politica-de-privacidad;https://www.tukipass.com/politica-de-reembolsos;https://www.tukipass.com/preguntas-frecuentes;https://www.tukipass.com/registro;https://www.tukipass.com/sobre-nosotros;https://www.tukipass.com/terminos-y-condiciones
/politica-de-cookies,200,https://www.tukipass.com/politica-de-cookies,True,https://www.tukipass.com/politica-de-cookies,"index,follow,max-image-preview:large","Política de cookies
 | Tukipass.com",Política de cookies,"Conocé cómo TukiPass usa cookies necesarias, analíticas y de marketing, incluyendo Meta Pixel de organizadores.",536,Organization|WebSite,200,https://www.tukipass.com;https://www.tukipass.com/blog;https://www.tukipass.com/contacto;https://www.tukipass.com/defensa-al-consumidor;https://www.tukipass.com/eliminacion-de-datos;https://www.tukipass.com/eventos;https://www.tukipass.com/login;https://www.tukipass.com/organizadores;https://www.tukipass.com/politica-de-cookies;https://www.tukipass.com/politica-de-privacidad;https://www.tukipass.com/politica-de-reembolsos;https://www.tukipass.com/preguntas-frecuentes;https://www.tukipass.com/registro;https://www.tukipass.com/sobre-nosotros;https://www.tukipass.com/terminos-y-condiciones
/politica-de-reembolsos,200,https://www.tukipass.com/politica-de-reembolsos,True,https://www.tukipass.com/politica-de-reembolsos,"index,follow,max-image-preview:large","Política de reembolsos, cancelaciones y arrepentimiento
 | Tukipass.com","Política de reembolsos, cancelaciones y arrepentimiento","Conocé cómo se gestionan reembolsos, cancelaciones, reprogramaciones y arrepentimiento en TukiPass.",711,Organization|WebSite,200,https://www.tukipass.com;https://www.tukipass.com/blog;https://www.tukipass.com/contacto;https://www.tukipass.com/defensa-al-consumidor;https://www.tukipass.com/eliminacion-de-datos;https://www.tukipass.com/eventos;https://www.tukipass.com/login;https://www.tukipass.com/organizadores;https://www.tukipass.com/politica-de-cookies;https://www.tukipass.com/politica-de-privacidad;https://www.tukipass.com/politica-de-reembolsos;https://www.tukipass.com/preguntas-frecuentes;https://www.tukipass.com/registro;https://www.tukipass.com/sobre-nosotros;https://www.tukipass.com/terminos-y-condiciones
/eliminacion-de-datos,200,https://www.tukipass.com/eliminacion-de-datos,True,https://www.tukipass.com/eliminacion-de-datos,"index,follow,max-image-preview:large","Eliminación de datos
 | Tukipass.com",Eliminación de datos,"Instrucciones para solicitar la eliminación de datos personales en TukiPass, incluyendo Facebook Login y Google Login.",572,Organization|WebSite,200,https://www.tukipass.com;https://www.tukipass.com/blog;https://www.tukipass.com/contacto;https://www.tukipass.com/defensa-al-consumidor;https://www.tukipass.com/eliminacion-de-datos;https://www.tukipass.com/eventos;https://www.tukipass.com/login;https://www.tukipass.com/organizadores;https://www.tukipass.com/politica-de-cookies;https://www.tukipass.com/politica-de-privacidad;https://www.tukipass.com/politica-de-reembolsos;https://www.tukipass.com/preguntas-frecuentes;https://www.tukipass.com/registro;https://www.tukipass.com/sobre-nosotros;https://www.tukipass.com/terminos-y-condiciones
/defensa-al-consumidor,200,https://www.tukipass.com/defensa-al-consumidor,True,https://www.tukipass.com/defensa-al-consumidor,"index,follow,max-image-preview:large","Defensa al consumidor
 | Tukipass.com",Defensa al consumidor,"Información de defensa al consumidor, reclamos, arrepentimiento y canales de contacto de TukiPass.",468,Organization|WebSite,200,https://www.tukipass.com;https://www.tukipass.com/blog;https://www.tukipass.com/contacto;https://www.tukipass.com/defensa-al-consumidor;https://www.tukipass.com/eliminacion-de-datos;https://www.tukipass.com/eventos;https://www.tukipass.com/login;https://www.tukipass.com/organizadores;https://www.tukipass.com/politica-de-cookies;https://www.tukipass.com/politica-de-privacidad;https://www.tukipass.com/politica-de-reembolsos;https://www.tukipass.com/preguntas-frecuentes;https://www.tukipass.com/registro;https://www.tukipass.com/sobre-nosotros;https://www.tukipass.com/terminos-y-condiciones
/llms.txt,200,https://www.tukipass.com/llms.txt,True,,,,,,363,,200,
/llms-full.txt,200,https://www.tukipass.com/llms-full.txt,True,,,,,,390,,200,
/recuperar-contrasena,200,https://www.tukipass.com/recuperar-contrasena,True,https://www.tukipass.com/recuperar-contrasena,"index,follow,max-image-preview:large",Olvidé mi contraseña | Tukipass.com,¿Olvidaste tu contraseña?,Forget Password Description,159,Organization|WebSite,200,https://www.tukipass.com;https://www.tukipass.com/blog;https://www.tukipass.com/contacto;https://www.tukipass.com/defensa-al-consumidor;https://www.tukipass.com/eliminacion-de-datos;https://www.tukipass.com/eventos;https://www.tukipass.com/login;https://www.tukipass.com/organizadores;https://www.tukipass.com/politica-de-cookies;https://www.tukipass.com/politica-de-privacidad;https://www.tukipass.com/politica-de-reembolsos;https://www.tukipass.com/preguntas-frecuentes;https://www.tukipass.com/registro;https://www.tukipass.com/sobre-nosotros;https://www.tukipass.com/terminos-y-condiciones
/cliente/login,200,https://www.tukipass.com/login,True,https://www.tukipass.com/login,"noindex, follow","Ingresar
 | Tukipass.com",Bienvenido de vuelta,Login Description,173,Organization|WebSite,200,https://www.tukipass.com;https://www.tukipass.com/blog;https://www.tukipass.com/contacto;https://www.tukipass.com/defensa-al-consumidor;https://www.tukipass.com/eliminacion-de-datos;https://www.tukipass.com/eventos;https://www.tukipass.com/login;https://www.tukipass.com/organizadores;https://www.tukipass.com/politica-de-cookies;https://www.tukipass.com/politica-de-privacidad;https://www.tukipass.com/politica-de-reembolsos;https://www.tukipass.com/preguntas-frecuentes;https://www.tukipass.com/recuperar-contrasena;https://www.tukipass.com/registro;https://www.tukipass.com/sobre-nosotros;https://www.tukipass.com/terminos-y-condiciones
/organizador/login,200,https://www.tukipass.com/organizador/login,True,https://www.tukipass.com/organizador/login,"noindex, follow","Ingreso productor
 | Tukipass.com",Bienvenido de vuelta,Organizer Login Description,221,Organization|WebSite,200,https://www.tukipass.com;https://www.tukipass.com/blog;https://www.tukipass.com/contacto;https://www.tukipass.com/defensa-al-consumidor;https://www.tukipass.com/eliminacion-de-datos;https://www.tukipass.com/eventos;https://www.tukipass.com/login;https://www.tukipass.com/organizadores;https://www.tukipass.com/politica-de-cookies;https://www.tukipass.com/politica-de-privacidad;https://www.tukipass.com/politica-de-reembolsos;https://www.tukipass.com/preguntas-frecuentes;https://www.tukipass.com/registro;https://www.tukipass.com/sobre-nosotros;https://www.tukipass.com/terminos-y-condiciones
/eventos?pricing=free,200,https://www.tukipass.com/eventos?pricing=free,True,https://www.tukipass.com/eventos,"index,follow,max-image-preview:large",Eventos en Argentina · Entradas y Tickets Online | Tukipass.com,Eventos para elegirsin perder tiempo,Event  Description,242,Organization|WebSite,200,https://www.tukipass.com;https://www.tukipass.com/blog;https://www.tukipass.com/contacto;https://www.tukipass.com/defensa-al-consumidor;https://www.tukipass.com/eliminacion-de-datos;https://www.tukipass.com/eventos;https://www.tukipass.com/eventos?event=;https://www.tukipass.com/eventos?pricing=free;https://www.tukipass.com/eventos?pricing=free&amp;category=conciertos-y-musica;https://www.tukipass.com/eventos?pricing=free&amp;category=conferencias;https://www.tukipass.com/eventos?pricing=free&amp;category=deportes;https://www.tukipass.com/eventos?pricing=free&amp;category=teatro-y-shows;https://www.tukipass.com/eventos?pricing=free&amp;dates=2026-08-21%20a%202026-08-21;https://www.tukipass.com/eventos?pricing=free&amp;dates=2026-08-28%20a%202026-08-30;https://www.tukipass.com/eventos?pricing=paid;https://www.tukipass.com/login;https://www.tukipass.com/organizadores;https://www.tukipass.com/politica-de-cookies;https://www.tukipass.com/politica-de-privacidad;https://www.tukipass.com/politica-de-reembolsos;https://www.tukipass.com/preguntas-frecuentes;https://www.tukipass.com/registro;https://www.tukipass.com/sobre-nosotros;https://www.tukipass.com/terminos-y-condiciones
/eventos?pricing=paid,200,https://www.tukipass.com/eventos?pricing=paid,True,https://www.tukipass.com/eventos,"index,follow,max-image-preview:large",Eventos en Argentina · Entradas y Tickets Online | Tukipass.com,Eventos para elegirsin perder tiempo,Event  Description,242,Organization|WebSite,200,https://www.tukipass.com;https://www.tukipass.com/blog;https://www.tukipass.com/contacto;https://www.tukipass.com/defensa-al-consumidor;https://www.tukipass.com/eliminacion-de-datos;https://www.tukipass.com/eventos;https://www.tukipass.com/eventos?event=;https://www.tukipass.com/eventos?pricing=free;https://www.tukipass.com/eventos?pricing=paid;https://www.tukipass.com/eventos?pricing=paid&amp;category=conciertos-y-musica;https://www.tukipass.com/eventos?pricing=paid&amp;category=conferencias;https://www.tukipass.com/eventos?pricing=paid&amp;category=deportes;https://www.tukipass.com/eventos?pricing=paid&amp;category=teatro-y-shows;https://www.tukipass.com/eventos?pricing=paid&amp;dates=2026-08-21%20a%202026-08-21;https://www.tukipass.com/eventos?pricing=paid&amp;dates=2026-08-28%20a%202026-08-30;https://www.tukipass.com/login;https://www.tukipass.com/organizadores;https://www.tukipass.com/politica-de-cookies;https://www.tukipass.com/politica-de-privacidad;https://www.tukipass.com/politica-de-reembolsos;https://www.tukipass.com/preguntas-frecuentes;https://www.tukipass.com/registro;https://www.tukipass.com/sobre-nosotros;https://www.tukipass.com/terminos-y-condiciones
/eventos?category=36,200,https://www.tukipass.com/eventos,True,https://www.tukipass.com/eventos,"index,follow,max-image-preview:large",Eventos en Argentina · Entradas y Tickets Online | Tukipass.com,Eventos para elegirsin perder tiempo,Event  Description,238,Organization|WebSite,200,https://www.tukipass.com;https://www.tukipass.com/blog;https://www.tukipass.com/contacto;https://www.tukipass.com/defensa-al-consumidor;https://www.tukipass.com/eliminacion-de-datos;https://www.tukipass.com/eventos;https://www.tukipass.com/eventos?category=conciertos-y-musica;https://www.tukipass.com/eventos?category=conferencias;https://www.tukipass.com/eventos?category=deportes;https://www.tukipass.com/eventos?category=teatro-y-shows;https://www.tukipass.com/eventos?dates=2026-08-21%20a%202026-08-21;https://www.tukipass.com/eventos?dates=2026-08-28%20a%202026-08-30;https://www.tukipass.com/eventos?event=;https://www.tukipass.com/eventos?pricing=free;https://www.tukipass.com/eventos?pricing=paid;https://www.tukipass.com/login;https://www.tukipass.com/organizadores;https://www.tukipass.com/politica-de-cookies;https://www.tukipass.com/politica-de-privacidad;https://www.tukipass.com/politica-de-reembolsos;https://www.tukipass.com/preguntas-frecuentes;https://www.tukipass.com/registro;https://www.tukipass.com/sobre-nosotros;https://www.tukipass.com/terminos-y-condiciones
/eventos?dates=2026-01-01+a+2026-12-31,200,https://www.tukipass.com/eventos?dates=2026-01-01+a+2026-12-31,True,https://www.tukipass.com/eventos,"index,follow,max-image-preview:large",Eventos en Argentina · Entradas y Tickets Online | Tukipass.com,Eventos para elegirsin perder tiempo,Event  Description,242,Organization|WebSite,200,https://www.tukipass.com;https://www.tukipass.com/blog;https://www.tukipass.com/contacto;https://www.tukipass.com/defensa-al-consumidor;https://www.tukipass.com/eliminacion-de-datos;https://www.tukipass.com/eventos;https://www.tukipass.com/eventos?dates=2026-01-01%20a%202026-12-31&amp;category=conciertos-y-musica;https://www.tukipass.com/eventos?dates=2026-01-01%20a%202026-12-31&amp;category=conferencias;https://www.tukipass.com/eventos?dates=2026-01-01%20a%202026-12-31&amp;category=deportes;https://www.tukipass.com/eventos?dates=2026-01-01%20a%202026-12-31&amp;category=teatro-y-shows;https://www.tukipass.com/eventos?dates=2026-01-01%20a%202026-12-31&amp;event=;https://www.tukipass.com/eventos?dates=2026-01-01%20a%202026-12-31&amp;pricing=free;https://www.tukipass.com/eventos?dates=2026-01-01%20a%202026-12-31&amp;pricing=paid;https://www.tukipass.com/eventos?dates=2026-08-21%20a%202026-08-21;https://www.tukipass.com/eventos?dates=2026-08-28%20a%202026-08-30;https://www.tukipass.com/login;https://www.tukipass.com/organizadores;https://www.tukipass.com/politica-de-cookies;https://www.tukipass.com/politica-de-privacidad;https://www.tukipass.com/politica-de-reembolsos;https://www.tukipass.com/preguntas-frecuentes;https://www.tukipass.com/registro;https://www.tukipass.com/sobre-nosotros;https://www.tukipass.com/terminos-y-condiciones
/eventos?search=colombia,200,https://www.tukipass.com/eventos?search=colombia,True,https://www.tukipass.com/eventos,"index,follow,max-image-preview:large",Eventos en Argentina · Entradas y Tickets Online | Tukipass.com,Eventos para elegirsin perder tiempo,Event  Description,238,Organization|WebSite,200,https://www.tukipass.com;https://www.tukipass.com/blog;https://www.tukipass.com/contacto;https://www.tukipass.com/defensa-al-consumidor;https://www.tukipass.com/eliminacion-de-datos;https://www.tukipass.com/eventos;https://www.tukipass.com/eventos?search=colombia&amp;category=conciertos-y-musica;https://www.tukipass.com/eventos?search=colombia&amp;category=conferencias;https://www.tukipass.com/eventos?search=colombia&amp;category=deportes;https://www.tukipass.com/eventos?search=colombia&amp;category=teatro-y-shows;https://www.tukipass.com/eventos?search=colombia&amp;dates=2026-08-21%20a%202026-08-21;https://www.tukipass.com/eventos?search=colombia&amp;dates=2026-08-28%20a%202026-08-30;https://www.tukipass.com/eventos?search=colombia&amp;event=;https://www.tukipass.com/eventos?search=colombia&amp;pricing=free;https://www.tukipass.com/eventos?search=colombia&amp;pricing=paid;https://www.tukipass.com/login;https://www.tukipass.com/organizadores;https://www.tukipass.com/politica-de-cookies;https://www.tukipass.com/politica-de-privacidad;https://www.tukipass.com/politica-de-reembolsos;https://www.tukipass.com/preguntas-frecuentes;https://www.tukipass.com/registro;https://www.tukipass.com/sobre-nosotros;https://www.tukipass.com/terminos-y-condiciones
/eventos?page=2,200,https://www.tukipass.com/eventos?page=2,True,https://www.tukipass.com/eventos,"index,follow,max-image-preview:large",Eventos en Argentina · Entradas y Tickets Online | Tukipass.com,Eventos para elegirsin perder tiempo,Event  Description,238,Organization|WebSite,200,https://www.tukipass.com;https://www.tukipass.com/blog;https://www.tukipass.com/contacto;https://www.tukipass.com/defensa-al-consumidor;https://www.tukipass.com/eliminacion-de-datos;https://www.tukipass.com/eventos;https://www.tukipass.com/eventos?page=2&amp;category=conciertos-y-musica;https://www.tukipass.com/eventos?page=2&amp;category=conferencias;https://www.tukipass.com/eventos?page=2&amp;category=deportes;https://www.tukipass.com/eventos?page=2&amp;category=teatro-y-shows;https://www.tukipass.com/eventos?page=2&amp;dates=2026-08-21%20a%202026-08-21;https://www.tukipass.com/eventos?page=2&amp;dates=2026-08-28%20a%202026-08-30;https://www.tukipass.com/eventos?page=2&amp;event=;https://www.tukipass.com/eventos?page=2&amp;pricing=free;https://www.tukipass.com/eventos?page=2&amp;pricing=paid;https://www.tukipass.com/login;https://www.tukipass.com/organizadores;https://www.tukipass.com/politica-de-cookies;https://www.tukipass.com/politica-de-privacidad;https://www.tukipass.com/politica-de-reembolsos;https://www.tukipass.com/preguntas-frecuentes;https://www.tukipass.com/registro;https://www.tukipass.com/sobre-nosotros;https://www.tukipass.com/terminos-y-condiciones
/eventos?sort=oldest,200,https://www.tukipass.com/eventos?sort=oldest,True,https://www.tukipass.com/eventos,"index,follow,max-image-preview:large",Eventos en Argentina · Entradas y Tickets Online | Tukipass.com,Eventos para elegirsin perder tiempo,Event  Description,238,Organization|WebSite,200,https://www.tukipass.com;https://www.tukipass.com/blog;https://www.tukipass.com/contacto;https://www.tukipass.com/defensa-al-consumidor;https://www.tukipass.com/eliminacion-de-datos;https://www.tukipass.com/eventos;https://www.tukipass.com/eventos?sort=oldest&amp;category=conciertos-y-musica;https://www.tukipass.com/eventos?sort=oldest&amp;category=conferencias;https://www.tukipass.com/eventos?sort=oldest&amp;category=deportes;https://www.tukipass.com/eventos?sort=oldest&amp;category=teatro-y-shows;https://www.tukipass.com/eventos?sort=oldest&amp;dates=2026-08-21%20a%202026-08-21;https://www.tukipass.com/eventos?sort=oldest&amp;dates=2026-08-28%20a%202026-08-30;https://www.tukipass.com/eventos?sort=oldest&amp;event=;https://www.tukipass.com/eventos?sort=oldest&amp;pricing=free;https://www.tukipass.com/eventos?sort=oldest&amp;pricing=paid;https://www.tukipass.com/login;https://www.tukipass.com/organizadores;https://www.tukipass.com/politica-de-cookies;https://www.tukipass.com/politica-de-privacidad;https://www.tukipass.com/politica-de-reembolsos;https://www.tukipass.com/preguntas-frecuentes;https://www.tukipass.com/registro;https://www.tukipass.com/sobre-nosotros;https://www.tukipass.com/terminos-y-condiciones
/minitk-dosmilera-en-la-troja-rumba-2000-en-buenos-aires,404,https://www.tukipass.com/minitk-dosmilera-en-la-troja-rumba-2000-en-buenos-aires,True,https://www.tukipass.com/minitk-dosmilera-en-la-troja-rumba-2000-en-buenos-aires,"noindex,follow",Página no encontrada | Tukipass.com,404 — Página no encontrada,La página que buscás no existe o fue movida. Volvé al inicio para seguir explorando eventos en Tukipass.,152,Organization|WebSite,404,https://www.tukipass.com;https://www.tukipass.com/blog;https://www.tukipass.com/contacto;https://www.tukipass.com/defensa-al-consumidor;https://www.tukipass.com/eliminacion-de-datos;https://www.tukipass.com/eventos;https://www.tukipass.com/login;https://www.tukipass.com/organizadores;https://www.tukipass.com/politica-de-cookies;https://www.tukipass.com/politica-de-privacidad;https://www.tukipass.com/politica-de-reembolsos;https://www.tukipass.com/preguntas-frecuentes;https://www.tukipass.com/registro;https://www.tukipass.com/sobre-nosotros;https://www.tukipass.com/terminos-y-condiciones
/colombia-vs-uzbekistan-rumba-y-fiesta-fan-fest-mundial-2026-en-palermo/118,200,https://www.tukipass.com/colombia-vs-uzbekistan-rumba-y-fiesta-fan-fest-mundial-2026-en-palermo/118,True,https://www.tukipass.com/colombia-vs-uzbekistan-rumba-y-fiesta-fan-fest-mundial-2026-en-palermo/118,"index,follow,max-image-preview:large",Colombia vs Uzbekistán: Rumba y Fiesta Fan Fest Mundial | Tukipass.com,Colombia vs Uzbekistán: Rumba y Fiesta Fan Fest Mundial 2026 en Palermo,"Colombia vs Uzbekistán: Rumba y Fiesta Fan Fest Mundial 2026 en Palermo en CABA, Buenos Aires, Argentina el 17 de junio de 2026. Viví el debut de Colombia en",1068,Organization|WebSite|Event|BreadcrumbList,200,https://www.tukipass.com;https://www.tukipass.com/addto/wishlist/118;https://www.tukipass.com/blog;https://www.tukipass.com/contacto;https://www.tukipass.com/defensa-al-consumidor;https://www.tukipass.com/eliminacion-de-datos;https://www.tukipass.com/eventos;https://www.tukipass.com/eventos?category=fiestas;https://www.tukipass.com/login;https://www.tukipass.com/organizadores;https://www.tukipass.com/politica-de-cookies;https://www.tukipass.com/politica-de-privacidad;https://www.tukipass.com/politica-de-reembolsos;https://www.tukipass.com/preguntas-frecuentes;https://www.tukipass.com/registro;https://www.tukipass.com/sobre-nosotros;https://www.tukipass.com/terminos-y-condiciones
/colombia-vs-congo-dr-rumba-y-fiesta-fan-fest-mundial-2026-en-palermo/119,200,https://www.tukipass.com/colombia-vs-congo-dr-rumba-y-fiesta-fan-fest-mundial-2026-en-palermo/119,True,https://www.tukipass.com/colombia-vs-congo-dr-rumba-y-fiesta-fan-fest-mundial-2026-en-palermo/119,"index,follow,max-image-preview:large",Colombia vs Congo DR: Rumba y Fiesta Fan Fest Mundial 2 | Tukipass.com,Colombia vs Congo DR: Rumba y Fiesta Fan Fest Mundial 2026 en Palermo,"Colombia vs Congo DR: Rumba y Fiesta Fan Fest Mundial 2026 en Palermo en CABA, Buenos Aires, Argentina el 23 de junio de 2026. Este martes 23 de junio, nos en",1075,Organization|WebSite|Event|BreadcrumbList,200,https://www.tukipass.com;https://www.tukipass.com/addto/wishlist/119;https://www.tukipass.com/blog;https://www.tukipass.com/contacto;https://www.tukipass.com/defensa-al-consumidor;https://www.tukipass.com/eliminacion-de-datos;https://www.tukipass.com/eventos;https://www.tukipass.com/eventos?category=fiestas;https://www.tukipass.com/login;https://www.tukipass.com/organizadores;https://www.tukipass.com/politica-de-cookies;https://www.tukipass.com/politica-de-privacidad;https://www.tukipass.com/politica-de-reembolsos;https://www.tukipass.com/preguntas-frecuentes;https://www.tukipass.com/registro;https://www.tukipass.com/sobre-nosotros;https://www.tukipass.com/terminos-y-condiciones
/colombia-vs-portugal-rumba-y-fiesta-fan-fest-mundial-2026-en-palermo/120,200,https://www.tukipass.com/colombia-vs-portugal-rumba-y-fiesta-fan-fest-mundial-2026-en-palermo/120,True,https://www.tukipass.com/colombia-vs-portugal-rumba-y-fiesta-fan-fest-mundial-2026-en-palermo/120,"index,follow,max-image-preview:large",Colombia vs Portugal: Rumba y Fiesta Fan Fest Mundial 2 | Tukipass.com,Colombia vs Portugal: Rumba y Fiesta Fan Fest Mundial 2026 en Palermo,"Colombia vs Portugal: Rumba y Fiesta Fan Fest Mundial 2026 en Palermo en CABA, Buenos Aires, Argentina el 27 de junio de 2026. Este sábado 27 de junio, la cit",1125,Organization|WebSite|Event|BreadcrumbList,200,https://www.tukipass.com;https://www.tukipass.com/addto/wishlist/120;https://www.tukipass.com/blog;https://www.tukipass.com/contacto;https://www.tukipass.com/defensa-al-consumidor;https://www.tukipass.com/eliminacion-de-datos;https://www.tukipass.com/eventos;https://www.tukipass.com/eventos?category=fiestas;https://www.tukipass.com/login;https://www.tukipass.com/organizadores;https://www.tukipass.com/politica-de-cookies;https://www.tukipass.com/politica-de-privacidad;https://www.tukipass.com/politica-de-reembolsos;https://www.tukipass.com/preguntas-frecuentes;https://www.tukipass.com/registro;https://www.tukipass.com/sobre-nosotros;https://www.tukipass.com/terminos-y-condiciones
/colombia-vs-ghana-en-honduras-5535-palermo-gol-caracol/121,200,https://www.tukipass.com/colombia-vs-ghana-en-honduras-5535-palermo-gol-caracol/121,True,https://www.tukipass.com/colombia-vs-ghana-en-honduras-5535-palermo-gol-caracol/121,"index,follow,max-image-preview:large",Colombia vs. Ghana en Honduras 5535 Palermo - Gol Carac | Tukipass.com,Colombia vs. Ghana en Honduras 5535 Palermo - Gol Caracol,"Colombia vs. Ghana en Honduras 5535 Palermo - Gol Caracol en Buenos Aires, Buenos Aires, Argentina el 3 de julio de 2026. Tuki en Palermo: rumba, música y fie",944,Organization|WebSite|Event|BreadcrumbList,200,https://www.tukipass.com;https://www.tukipass.com/addto/wishlist/121;https://www.tukipass.com/blog;https://www.tukipass.com/contacto;https://www.tukipass.com/defensa-al-consumidor;https://www.tukipass.com/eliminacion-de-datos;https://www.tukipass.com/eventos;https://www.tukipass.com/eventos?category=fiestas;https://www.tukipass.com/login;https://www.tukipass.com/organizadores;https://www.tukipass.com/politica-de-cookies;https://www.tukipass.com/politica-de-privacidad;https://www.tukipass.com/politica-de-reembolsos;https://www.tukipass.com/preguntas-frecuentes;https://www.tukipass.com/registro;https://www.tukipass.com/sobre-nosotros;https://www.tukipass.com/terminos-y-condiciones
/colombia-vs-suiza-por-gol-caracol/122,200,https://www.tukipass.com/colombia-vs-suiza-por-gol-caracol/122,True,https://www.tukipass.com/colombia-vs-suiza-por-gol-caracol/122,"index,follow,max-image-preview:large",Colombia VS. Suiza por Gol Caracol | Tukipass.com,Colombia VS. Suiza por Gol Caracol,"Colombia VS. Suiza por Gol Caracol en Buenos Aires, Buenos Aires, Argentina el 7 de julio de 2026. Vive Colombia vs. Suiza en Palermo. Pantallas gigantes, rum",901,Organization|WebSite|Event|BreadcrumbList,200,https://www.tukipass.com;https://www.tukipass.com/addto/wishlist/122;https://www.tukipass.com/blog;https://www.tukipass.com/contacto;https://www.tukipass.com/defensa-al-consumidor;https://www.tukipass.com/eliminacion-de-datos;https://www.tukipass.com/eventos;https://www.tukipass.com/eventos?category=fiestas;https://www.tukipass.com/login;https://www.tukipass.com/organizadores;https://www.tukipass.com/politica-de-cookies;https://www.tukipass.com/politica-de-privacidad;https://www.tukipass.com/politica-de-reembolsos;https://www.tukipass.com/preguntas-frecuentes;https://www.tukipass.com/registro;https://www.tukipass.com/sobre-nosotros;https://www.tukipass.com/terminos-y-condiciones
/reggaeton-old-school/123,200,https://www.tukipass.com/reggaeton-old-school/123,True,https://www.tukipass.com/reggaeton-old-school/123,"index,follow,max-image-preview:large",REGGAETON OLD SCHOOL | Tukipass.com,REGGAETON OLD SCHOOL,"REGGAETON OLD SCHOOL en CABA, Buenos Aires, Argentina el 25 de julio de 2026. Fiesta de reggaetón old school y rumba colombiana el 25 de julio en Niceto Vega",1075,Organization|WebSite|Event|BreadcrumbList,200,https://www.tukipass.com;https://www.tukipass.com/addto/wishlist/123;https://www.tukipass.com/blog;https://www.tukipass.com/contacto;https://www.tukipass.com/defensa-al-consumidor;https://www.tukipass.com/eliminacion-de-datos;https://www.tukipass.com/eventos;https://www.tukipass.com/eventos?category=fiestas;https://www.tukipass.com/login;https://www.tukipass.com/organizadores;https://www.tukipass.com/politica-de-cookies;https://www.tukipass.com/politica-de-privacidad;https://www.tukipass.com/politica-de-reembolsos;https://www.tukipass.com/preguntas-frecuentes;https://www.tukipass.com/registro;https://www.tukipass.com/sobre-nosotros;https://www.tukipass.com/terminos-y-condiciones
/event/colombia-vs-suiza-por-gol-caracol/122,200,https://www.tukipass.com/colombia-vs-suiza-por-gol-caracol/122,True,https://www.tukipass.com/colombia-vs-suiza-por-gol-caracol/122,"index,follow,max-image-preview:large",Colombia VS. Suiza por Gol Caracol | Tukipass.com,Colombia VS. Suiza por Gol Caracol,"Colombia VS. Suiza por Gol Caracol en Buenos Aires, Buenos Aires, Argentina el 7 de julio de 2026. Vive Colombia vs. Suiza en Palermo. Pantallas gigantes, rum",901,Organization|WebSite|Event|BreadcrumbList,200,https://www.tukipass.com;https://www.tukipass.com/addto/wishlist/122;https://www.tukipass.com/blog;https://www.tukipass.com/contacto;https://www.tukipass.com/defensa-al-consumidor;https://www.tukipass.com/eliminacion-de-datos;https://www.tukipass.com/eventos;https://www.tukipass.com/eventos?category=fiestas;https://www.tukipass.com/login;https://www.tukipass.com/organizadores;https://www.tukipass.com/politica-de-cookies;https://www.tukipass.com/politica-de-privacidad;https://www.tukipass.com/politica-de-reembolsos;https://www.tukipass.com/preguntas-frecuentes;https://www.tukipass.com/registro;https://www.tukipass.com/sobre-nosotros;https://www.tukipass.com/terminos-y-condiciones
/event/reggaeton-old-school/123,200,https://www.tukipass.com/reggaeton-old-school/123,True,https://www.tukipass.com/reggaeton-old-school/123,"index,follow,max-image-preview:large",REGGAETON OLD SCHOOL | Tukipass.com,REGGAETON OLD SCHOOL,"REGGAETON OLD SCHOOL en CABA, Buenos Aires, Argentina el 25 de julio de 2026. Fiesta de reggaetón old school y rumba colombiana el 25 de julio en Niceto Vega",1075,Organization|WebSite|Event|BreadcrumbList,200,https://www.tukipass.com;https://www.tukipass.com/addto/wishlist/123;https://www.tukipass.com/blog;https://www.tukipass.com/contacto;https://www.tukipass.com/defensa-al-consumidor;https://www.tukipass.com/eliminacion-de-datos;https://www.tukipass.com/eventos;https://www.tukipass.com/eventos?category=fiestas;https://www.tukipass.com/login;https://www.tukipass.com/organizadores;https://www.tukipass.com/politica-de-cookies;https://www.tukipass.com/politica-de-privacidad;https://www.tukipass.com/politica-de-reembolsos;https://www.tukipass.com/preguntas-frecuentes;https://www.tukipass.com/registro;https://www.tukipass.com/sobre-nosotros;https://www.tukipass.com/terminos-y-condiciones
https://www.tukipass.com,200,https://www.tukipass.com/,True,https://www.tukipass.com,"index,follow,max-image-preview:large",Entradas y Tickets Online para Eventos en Argentina | Tukipass.com,Reservá entradas para vivir lo que viene,Home Description,218,Organization|WebSite,200,https://www.tukipass.com;https://www.tukipass.com/blog;https://www.tukipass.com/contacto;https://www.tukipass.com/defensa-al-consumidor;https://www.tukipass.com/eliminacion-de-datos;https://www.tukipass.com/eventos;https://www.tukipass.com/eventos?category=conciertos-y-musica;https://www.tukipass.com/eventos?category=conferencias;https://www.tukipass.com/eventos?category=deportes;https://www.tukipass.com/eventos?category=teatro-y-shows;https://www.tukipass.com/eventos?dates=2026-08-21%20to%202026-08-21;https://www.tukipass.com/eventos?dates=2026-08-28%20to%202026-08-30;https://www.tukipass.com/eventos?pricing=free;https://www.tukipass.com/eventos?pricing=paid;https://www.tukipass.com/login;https://www.tukipass.com/organizadores;https://www.tukipass.com/politica-de-cookies;https://www.tukipass.com/politica-de-privacidad;https://www.tukipass.com/politica-de-reembolsos;https://www.tukipass.com/preguntas-frecuentes;https://www.tukipass.com/registro;https://www.tukipass.com/sobre-nosotros;https://www.tukipass.com/terminos-y-condiciones
https://www.tukipass.com/blog,200,https://www.tukipass.com/blog,True,https://www.tukipass.com/blog,"index,follow,max-image-preview:large","Novedades
   | Tukipass.com",Novedades,Blog Description,172,Organization|WebSite|Blog,200,https://www.tukipass.com;https://www.tukipass.com/blog;https://www.tukipass.com/blog?category=business;https://www.tukipass.com/blog?category=conference;https://www.tukipass.com/blog?category=others;https://www.tukipass.com/blog?category=wedding;https://www.tukipass.com/contacto;https://www.tukipass.com/defensa-al-consumidor;https://www.tukipass.com/eliminacion-de-datos;https://www.tukipass.com/eventos;https://www.tukipass.com/login;https://www.tukipass.com/organizadores;https://www.tukipass.com/politica-de-cookies;https://www.tukipass.com/politica-de-privacidad;https://www.tukipass.com/politica-de-reembolsos;https://www.tukipass.com/preguntas-frecuentes;https://www.tukipass.com/registro;https://www.tukipass.com/sobre-nosotros;https://www.tukipass.com/terminos-y-condiciones
https://www.tukipass.com/contacto,200,https://www.tukipass.com/contacto,True,https://www.tukipass.com/contacto,"index,follow,max-image-preview:large","Contacto
 | Tukipass.com",,Contact Description,197,Organization|WebSite,200,https://www.tukipass.com;https://www.tukipass.com/blog;https://www.tukipass.com/contacto;https://www.tukipass.com/defensa-al-consumidor;https://www.tukipass.com/eliminacion-de-datos;https://www.tukipass.com/eventos;https://www.tukipass.com/login;https://www.tukipass.com/organizadores;https://www.tukipass.com/politica-de-cookies;https://www.tukipass.com/politica-de-privacidad;https://www.tukipass.com/politica-de-reembolsos;https://www.tukipass.com/preguntas-frecuentes;https://www.tukipass.com/registro;https://www.tukipass.com/sobre-nosotros;https://www.tukipass.com/terminos-y-condiciones
https://www.tukipass.com/defensa-al-consumidor,200,https://www.tukipass.com/defensa-al-consumidor,True,https://www.tukipass.com/defensa-al-consumidor,"index,follow,max-image-preview:large","Defensa al consumidor
 | Tukipass.com",Defensa al consumidor,"Información de defensa al consumidor, reclamos, arrepentimiento y canales de contacto de TukiPass.",468,Organization|WebSite,200,https://www.tukipass.com;https://www.tukipass.com/blog;https://www.tukipass.com/contacto;https://www.tukipass.com/defensa-al-consumidor;https://www.tukipass.com/eliminacion-de-datos;https://www.tukipass.com/eventos;https://www.tukipass.com/login;https://www.tukipass.com/organizadores;https://www.tukipass.com/politica-de-cookies;https://www.tukipass.com/politica-de-privacidad;https://www.tukipass.com/politica-de-reembolsos;https://www.tukipass.com/preguntas-frecuentes;https://www.tukipass.com/registro;https://www.tukipass.com/sobre-nosotros;https://www.tukipass.com/terminos-y-condiciones
https://www.tukipass.com/eliminacion-de-datos,200,https://www.tukipass.com/eliminacion-de-datos,True,https://www.tukipass.com/eliminacion-de-datos,"index,follow,max-image-preview:large","Eliminación de datos
 | Tukipass.com",Eliminación de datos,"Instrucciones para solicitar la eliminación de datos personales en TukiPass, incluyendo Facebook Login y Google Login.",572,Organization|WebSite,200,https://www.tukipass.com;https://www.tukipass.com/blog;https://www.tukipass.com/contacto;https://www.tukipass.com/defensa-al-consumidor;https://www.tukipass.com/eliminacion-de-datos;https://www.tukipass.com/eventos;https://www.tukipass.com/login;https://www.tukipass.com/organizadores;https://www.tukipass.com/politica-de-cookies;https://www.tukipass.com/politica-de-privacidad;https://www.tukipass.com/politica-de-reembolsos;https://www.tukipass.com/preguntas-frecuentes;https://www.tukipass.com/registro;https://www.tukipass.com/sobre-nosotros;https://www.tukipass.com/terminos-y-condiciones
https://www.tukipass.com/eventos,200,https://www.tukipass.com/eventos,True,https://www.tukipass.com/eventos,"index,follow,max-image-preview:large",Eventos en Argentina · Entradas y Tickets Online | Tukipass.com,Eventos para elegirsin perder tiempo,Event  Description,238,Organization|WebSite,200,https://www.tukipass.com;https://www.tukipass.com/blog;https://www.tukipass.com/contacto;https://www.tukipass.com/defensa-al-consumidor;https://www.tukipass.com/eliminacion-de-datos;https://www.tukipass.com/eventos;https://www.tukipass.com/eventos?category=conciertos-y-musica;https://www.tukipass.com/eventos?category=conferencias;https://www.tukipass.com/eventos?category=deportes;https://www.tukipass.com/eventos?category=teatro-y-shows;https://www.tukipass.com/eventos?dates=2026-08-21%20a%202026-08-21;https://www.tukipass.com/eventos?dates=2026-08-28%20a%202026-08-30;https://www.tukipass.com/eventos?event=;https://www.tukipass.com/eventos?pricing=free;https://www.tukipass.com/eventos?pricing=paid;https://www.tukipass.com/login;https://www.tukipass.com/organizadores;https://www.tukipass.com/politica-de-cookies;https://www.tukipass.com/politica-de-privacidad;https://www.tukipass.com/politica-de-reembolsos;https://www.tukipass.com/preguntas-frecuentes;https://www.tukipass.com/registro;https://www.tukipass.com/sobre-nosotros;https://www.tukipass.com/terminos-y-condiciones
https://www.tukipass.com/eventos?category=conciertos-y-musica,200,https://www.tukipass.com/eventos?category=conciertos-y-musica,True,https://www.tukipass.com/eventos,"index,follow,max-image-preview:large",Eventos en Argentina · Entradas y Tickets Online | Tukipass.com,Eventos para elegirsin perder tiempo,Event  Description,242,Organization|WebSite,200,https://www.tukipass.com;https://www.tukipass.com/blog;https://www.tukipass.com/contacto;https://www.tukipass.com/defensa-al-consumidor;https://www.tukipass.com/eliminacion-de-datos;https://www.tukipass.com/eventos;https://www.tukipass.com/eventos?category=conciertos-y-musica;https://www.tukipass.com/eventos?category=conciertos-y-musica&amp;dates=2026-08-21%20a%202026-08-21;https://www.tukipass.com/eventos?category=conciertos-y-musica&amp;dates=2026-08-28%20a%202026-08-30;https://www.tukipass.com/eventos?category=conciertos-y-musica&amp;event=;https://www.tukipass.com/eventos?category=conciertos-y-musica&amp;pricing=free;https://www.tukipass.com/eventos?category=conciertos-y-musica&amp;pricing=paid;https://www.tukipass.com/eventos?category=conferencias;https://www.tukipass.com/eventos?category=deportes;https://www.tukipass.com/eventos?category=teatro-y-shows;https://www.tukipass.com/login;https://www.tukipass.com/organizadores;https://www.tukipass.com/politica-de-cookies;https://www.tukipass.com/politica-de-privacidad;https://www.tukipass.com/politica-de-reembolsos;https://www.tukipass.com/preguntas-frecuentes;https://www.tukipass.com/registro;https://www.tukipass.com/sobre-nosotros;https://www.tukipass.com/terminos-y-condiciones
https://www.tukipass.com/eventos?category=conferencias,200,https://www.tukipass.com/eventos?category=conferencias,True,https://www.tukipass.com/eventos,"index,follow,max-image-preview:large",Eventos en Argentina · Entradas y Tickets Online | Tukipass.com,Eventos para elegirsin perder tiempo,Event  Description,242,Organization|WebSite,200,https://www.tukipass.com;https://www.tukipass.com/blog;https://www.tukipass.com/contacto;https://www.tukipass.com/defensa-al-consumidor;https://www.tukipass.com/eliminacion-de-datos;https://www.tukipass.com/eventos;https://www.tukipass.com/eventos?category=conciertos-y-musica;https://www.tukipass.com/eventos?category=conferencias;https://www.tukipass.com/eventos?category=conferencias&amp;dates=2026-08-21%20a%202026-08-21;https://www.tukipass.com/eventos?category=conferencias&amp;dates=2026-08-28%20a%202026-08-30;https://www.tukipass.com/eventos?category=conferencias&amp;event=;https://www.tukipass.com/eventos?category=conferencias&amp;pricing=free;https://www.tukipass.com/eventos?category=conferencias&amp;pricing=paid;https://www.tukipass.com/eventos?category=deportes;https://www.tukipass.com/eventos?category=teatro-y-shows;https://www.tukipass.com/login;https://www.tukipass.com/organizadores;https://www.tukipass.com/politica-de-cookies;https://www.tukipass.com/politica-de-privacidad;https://www.tukipass.com/politica-de-reembolsos;https://www.tukipass.com/preguntas-frecuentes;https://www.tukipass.com/registro;https://www.tukipass.com/sobre-nosotros;https://www.tukipass.com/terminos-y-condiciones
https://www.tukipass.com/eventos?category=deportes,200,https://www.tukipass.com/eventos?category=deportes,True,https://www.tukipass.com/eventos,"index,follow,max-image-preview:large",Eventos en Argentina · Entradas y Tickets Online | Tukipass.com,Eventos para elegirsin perder tiempo,Event  Description,242,Organization|WebSite,200,https://www.tukipass.com;https://www.tukipass.com/blog;https://www.tukipass.com/contacto;https://www.tukipass.com/defensa-al-consumidor;https://www.tukipass.com/eliminacion-de-datos;https://www.tukipass.com/eventos;https://www.tukipass.com/eventos?category=conciertos-y-musica;https://www.tukipass.com/eventos?category=conferencias;https://www.tukipass.com/eventos?category=deportes;https://www.tukipass.com/eventos?category=deportes&amp;dates=2026-08-21%20a%202026-08-21;https://www.tukipass.com/eventos?category=deportes&amp;dates=2026-08-28%20a%202026-08-30;https://www.tukipass.com/eventos?category=deportes&amp;event=;https://www.tukipass.com/eventos?category=deportes&amp;pricing=free;https://www.tukipass.com/eventos?category=deportes&amp;pricing=paid;https://www.tukipass.com/eventos?category=teatro-y-shows;https://www.tukipass.com/login;https://www.tukipass.com/organizadores;https://www.tukipass.com/politica-de-cookies;https://www.tukipass.com/politica-de-privacidad;https://www.tukipass.com/politica-de-reembolsos;https://www.tukipass.com/preguntas-frecuentes;https://www.tukipass.com/registro;https://www.tukipass.com/sobre-nosotros;https://www.tukipass.com/terminos-y-condiciones
https://www.tukipass.com/eventos?category=teatro-y-shows,200,https://www.tukipass.com/eventos?category=teatro-y-shows,True,https://www.tukipass.com/eventos,"index,follow,max-image-preview:large",Eventos en Argentina · Entradas y Tickets Online | Tukipass.com,Eventos para elegirsin perder tiempo,Event  Description,242,Organization|WebSite,200,https://www.tukipass.com;https://www.tukipass.com/blog;https://www.tukipass.com/contacto;https://www.tukipass.com/defensa-al-consumidor;https://www.tukipass.com/eliminacion-de-datos;https://www.tukipass.com/eventos;https://www.tukipass.com/eventos?category=conciertos-y-musica;https://www.tukipass.com/eventos?category=conferencias;https://www.tukipass.com/eventos?category=deportes;https://www.tukipass.com/eventos?category=teatro-y-shows;https://www.tukipass.com/eventos?category=teatro-y-shows&amp;dates=2026-08-21%20a%202026-08-21;https://www.tukipass.com/eventos?category=teatro-y-shows&amp;dates=2026-08-28%20a%202026-08-30;https://www.tukipass.com/eventos?category=teatro-y-shows&amp;event=;https://www.tukipass.com/eventos?category=teatro-y-shows&amp;pricing=free;https://www.tukipass.com/eventos?category=teatro-y-shows&amp;pricing=paid;https://www.tukipass.com/login;https://www.tukipass.com/organizadores;https://www.tukipass.com/politica-de-cookies;https://www.tukipass.com/politica-de-privacidad;https://www.tukipass.com/politica-de-reembolsos;https://www.tukipass.com/preguntas-frecuentes;https://www.tukipass.com/registro;https://www.tukipass.com/sobre-nosotros;https://www.tukipass.com/terminos-y-condiciones
https://www.tukipass.com/eventos?dates=2026-08-21%20to%202026-08-21,200,https://www.tukipass.com/eventos?dates=2026-08-21%20to%202026-08-21,True,https://www.tukipass.com/eventos,"index,follow,max-image-preview:large",Eventos en Argentina · Entradas y Tickets Online | Tukipass.com,Eventos para elegirsin perder tiempo,Event  Description,242,Organization|WebSite,200,https://www.tukipass.com;https://www.tukipass.com/blog;https://www.tukipass.com/contacto;https://www.tukipass.com/defensa-al-consumidor;https://www.tukipass.com/eliminacion-de-datos;https://www.tukipass.com/eventos;https://www.tukipass.com/eventos?dates=2026-08-21%20a%202026-08-21;https://www.tukipass.com/eventos?dates=2026-08-21%20to%202026-08-21&amp;category=conciertos-y-musica;https://www.tukipass.com/eventos?dates=2026-08-21%20to%202026-08-21&amp;category=conferencias;https://www.tukipass.com/eventos?dates=2026-08-21%20to%202026-08-21&amp;category=deportes;https://www.tukipass.com/eventos?dates=2026-08-21%20to%202026-08-21&amp;category=teatro-y-shows;https://www.tukipass.com/eventos?dates=2026-08-21%20to%202026-08-21&amp;event=;https://www.tukipass.com/eventos?dates=2026-08-21%20to%202026-08-21&amp;pricing=free;https://www.tukipass.com/eventos?dates=2026-08-21%20to%202026-08-21&amp;pricing=paid;https://www.tukipass.com/eventos?dates=2026-08-28%20a%202026-08-30;https://www.tukipass.com/login;https://www.tukipass.com/organizadores;https://www.tukipass.com/politica-de-cookies;https://www.tukipass.com/politica-de-privacidad;https://www.tukipass.com/politica-de-reembolsos;https://www.tukipass.com/preguntas-frecuentes;https://www.tukipass.com/registro;https://www.tukipass.com/sobre-nosotros;https://www.tukipass.com/terminos-y-condiciones
https://www.tukipass.com/eventos?dates=2026-08-28%20to%202026-08-30,200,https://www.tukipass.com/eventos?dates=2026-08-28%20to%202026-08-30,True,https://www.tukipass.com/eventos,"index,follow,max-image-preview:large",Eventos en Argentina · Entradas y Tickets Online | Tukipass.com,Eventos para elegirsin perder tiempo,Event  Description,242,Organization|WebSite,200,https://www.tukipass.com;https://www.tukipass.com/blog;https://www.tukipass.com/contacto;https://www.tukipass.com/defensa-al-consumidor;https://www.tukipass.com/eliminacion-de-datos;https://www.tukipass.com/eventos;https://www.tukipass.com/eventos?dates=2026-08-21%20a%202026-08-21;https://www.tukipass.com/eventos?dates=2026-08-28%20a%202026-08-30;https://www.tukipass.com/eventos?dates=2026-08-28%20to%202026-08-30&amp;category=conciertos-y-musica;https://www.tukipass.com/eventos?dates=2026-08-28%20to%202026-08-30&amp;category=conferencias;https://www.tukipass.com/eventos?dates=2026-08-28%20to%202026-08-30&amp;category=deportes;https://www.tukipass.com/eventos?dates=2026-08-28%20to%202026-08-30&amp;category=teatro-y-shows;https://www.tukipass.com/eventos?dates=2026-08-28%20to%202026-08-30&amp;event=;https://www.tukipass.com/eventos?dates=2026-08-28%20to%202026-08-30&amp;pricing=free;https://www.tukipass.com/eventos?dates=2026-08-28%20to%202026-08-30&amp;pricing=paid;https://www.tukipass.com/login;https://www.tukipass.com/organizadores;https://www.tukipass.com/politica-de-cookies;https://www.tukipass.com/politica-de-privacidad;https://www.tukipass.com/politica-de-reembolsos;https://www.tukipass.com/preguntas-frecuentes;https://www.tukipass.com/registro;https://www.tukipass.com/sobre-nosotros;https://www.tukipass.com/terminos-y-condiciones
https://www.tukipass.com/eventos?pricing=free,200,https://www.tukipass.com/eventos?pricing=free,True,https://www.tukipass.com/eventos,"index,follow,max-image-preview:large",Eventos en Argentina · Entradas y Tickets Online | Tukipass.com,Eventos para elegirsin perder tiempo,Event  Description,242,Organization|WebSite,200,https://www.tukipass.com;https://www.tukipass.com/blog;https://www.tukipass.com/contacto;https://www.tukipass.com/defensa-al-consumidor;https://www.tukipass.com/eliminacion-de-datos;https://www.tukipass.com/eventos;https://www.tukipass.com/eventos?event=;https://www.tukipass.com/eventos?pricing=free;https://www.tukipass.com/eventos?pricing=free&amp;category=conciertos-y-musica;https://www.tukipass.com/eventos?pricing=free&amp;category=conferencias;https://www.tukipass.com/eventos?pricing=free&amp;category=deportes;https://www.tukipass.com/eventos?pricing=free&amp;category=teatro-y-shows;https://www.tukipass.com/eventos?pricing=free&amp;dates=2026-08-21%20a%202026-08-21;https://www.tukipass.com/eventos?pricing=free&amp;dates=2026-08-28%20a%202026-08-30;https://www.tukipass.com/eventos?pricing=paid;https://www.tukipass.com/login;https://www.tukipass.com/organizadores;https://www.tukipass.com/politica-de-cookies;https://www.tukipass.com/politica-de-privacidad;https://www.tukipass.com/politica-de-reembolsos;https://www.tukipass.com/preguntas-frecuentes;https://www.tukipass.com/registro;https://www.tukipass.com/sobre-nosotros;https://www.tukipass.com/terminos-y-condiciones
https://www.tukipass.com/eventos?pricing=paid,200,https://www.tukipass.com/eventos?pricing=paid,True,https://www.tukipass.com/eventos,"index,follow,max-image-preview:large",Eventos en Argentina · Entradas y Tickets Online | Tukipass.com,Eventos para elegirsin perder tiempo,Event  Description,242,Organization|WebSite,200,https://www.tukipass.com;https://www.tukipass.com/blog;https://www.tukipass.com/contacto;https://www.tukipass.com/defensa-al-consumidor;https://www.tukipass.com/eliminacion-de-datos;https://www.tukipass.com/eventos;https://www.tukipass.com/eventos?event=;https://www.tukipass.com/eventos?pricing=free;https://www.tukipass.com/eventos?pricing=paid;https://www.tukipass.com/eventos?pricing=paid&amp;category=conciertos-y-musica;https://www.tukipass.com/eventos?pricing=paid&amp;category=conferencias;https://www.tukipass.com/eventos?pricing=paid&amp;category=deportes;https://www.tukipass.com/eventos?pricing=paid&amp;category=teatro-y-shows;https://www.tukipass.com/eventos?pricing=paid&amp;dates=2026-08-21%20a%202026-08-21;https://www.tukipass.com/eventos?pricing=paid&amp;dates=2026-08-28%20a%202026-08-30;https://www.tukipass.com/login;https://www.tukipass.com/organizadores;https://www.tukipass.com/politica-de-cookies;https://www.tukipass.com/politica-de-privacidad;https://www.tukipass.com/politica-de-reembolsos;https://www.tukipass.com/preguntas-frecuentes;https://www.tukipass.com/registro;https://www.tukipass.com/sobre-nosotros;https://www.tukipass.com/terminos-y-condiciones
https://www.tukipass.com/login,200,https://www.tukipass.com/login,True,https://www.tukipass.com/login,"noindex, follow","Ingresar
 | Tukipass.com",Bienvenido de vuelta,Login Description,173,Organization|WebSite,200,https://www.tukipass.com;https://www.tukipass.com/blog;https://www.tukipass.com/contacto;https://www.tukipass.com/defensa-al-consumidor;https://www.tukipass.com/eliminacion-de-datos;https://www.tukipass.com/eventos;https://www.tukipass.com/login;https://www.tukipass.com/organizadores;https://www.tukipass.com/politica-de-cookies;https://www.tukipass.com/politica-de-privacidad;https://www.tukipass.com/politica-de-reembolsos;https://www.tukipass.com/preguntas-frecuentes;https://www.tukipass.com/recuperar-contrasena;https://www.tukipass.com/registro;https://www.tukipass.com/sobre-nosotros;https://www.tukipass.com/terminos-y-condiciones
https://www.tukipass.com/organizadores,200,https://www.tukipass.com/organizadores,True,https://www.tukipass.com/organizadores,"index,follow,max-image-preview:large","Productores
   | Tukipass.com",,Organizer Description,493,Organization|WebSite,200,https://www.tukipass.com;https://www.tukipass.com/blog;https://www.tukipass.com/contacto;https://www.tukipass.com/defensa-al-consumidor;https://www.tukipass.com/eliminacion-de-datos;https://www.tukipass.com/eventos;https://www.tukipass.com/example.com;https://www.tukipass.com/login;https://www.tukipass.com/organizadores;https://www.tukipass.com/politica-de-cookies;https://www.tukipass.com/politica-de-privacidad;https://www.tukipass.com/politica-de-reembolsos;https://www.tukipass.com/preguntas-frecuentes;https://www.tukipass.com/registro;https://www.tukipass.com/sobre-nosotros;https://www.tukipass.com/terminos-y-condiciones
https://www.tukipass.com/politica-de-cookies,200,https://www.tukipass.com/politica-de-cookies,True,https://www.tukipass.com/politica-de-cookies,"index,follow,max-image-preview:large","Política de cookies
 | Tukipass.com",Política de cookies,"Conocé cómo TukiPass usa cookies necesarias, analíticas y de marketing, incluyendo Meta Pixel de organizadores.",536,Organization|WebSite,200,https://www.tukipass.com;https://www.tukipass.com/blog;https://www.tukipass.com/contacto;https://www.tukipass.com/defensa-al-consumidor;https://www.tukipass.com/eliminacion-de-datos;https://www.tukipass.com/eventos;https://www.tukipass.com/login;https://www.tukipass.com/organizadores;https://www.tukipass.com/politica-de-cookies;https://www.tukipass.com/politica-de-privacidad;https://www.tukipass.com/politica-de-reembolsos;https://www.tukipass.com/preguntas-frecuentes;https://www.tukipass.com/registro;https://www.tukipass.com/sobre-nosotros;https://www.tukipass.com/terminos-y-condiciones
https://www.tukipass.com/politica-de-privacidad,200,https://www.tukipass.com/politica-de-privacidad,True,https://www.tukipass.com/politica-de-privacidad,"index,follow,max-image-preview:large","Política de privacidad
 | Tukipass.com",Política de privacidad,"Conocé cómo TukiPass, operada por TAYRONA - GROUP S.A.S., recopila, usa y protege tus datos personales.",1076,Organization|WebSite,200,https://www.tukipass.com;https://www.tukipass.com/blog;https://www.tukipass.com/contacto;https://www.tukipass.com/defensa-al-consumidor;https://www.tukipass.com/eliminacion-de-datos;https://www.tukipass.com/eventos;https://www.tukipass.com/login;https://www.tukipass.com/organizadores;https://www.tukipass.com/politica-de-cookies;https://www.tukipass.com/politica-de-privacidad;https://www.tukipass.com/politica-de-reembolsos;https://www.tukipass.com/preguntas-frecuentes;https://www.tukipass.com/registro;https://www.tukipass.com/sobre-nosotros;https://www.tukipass.com/terminos-y-condiciones
https://www.tukipass.com/politica-de-reembolsos,200,https://www.tukipass.com/politica-de-reembolsos,True,https://www.tukipass.com/politica-de-reembolsos,"index,follow,max-image-preview:large","Política de reembolsos, cancelaciones y arrepentimiento
 | Tukipass.com","Política de reembolsos, cancelaciones y arrepentimiento","Conocé cómo se gestionan reembolsos, cancelaciones, reprogramaciones y arrepentimiento en TukiPass.",711,Organization|WebSite,200,https://www.tukipass.com;https://www.tukipass.com/blog;https://www.tukipass.com/contacto;https://www.tukipass.com/defensa-al-consumidor;https://www.tukipass.com/eliminacion-de-datos;https://www.tukipass.com/eventos;https://www.tukipass.com/login;https://www.tukipass.com/organizadores;https://www.tukipass.com/politica-de-cookies;https://www.tukipass.com/politica-de-privacidad;https://www.tukipass.com/politica-de-reembolsos;https://www.tukipass.com/preguntas-frecuentes;https://www.tukipass.com/registro;https://www.tukipass.com/sobre-nosotros;https://www.tukipass.com/terminos-y-condiciones
https://www.tukipass.com/preguntas-frecuentes,200,https://www.tukipass.com/preguntas-frecuentes,True,https://www.tukipass.com/preguntas-frecuentes,"index,follow,max-image-preview:large","Ayuda
   | Tukipass.com",Ayuda,FAQ Description,505,Organization|WebSite|BreadcrumbList|FAQPage,200,https://www.tukipass.com;https://www.tukipass.com/blog;https://www.tukipass.com/contacto;https://www.tukipass.com/defensa-al-consumidor;https://www.tukipass.com/eliminacion-de-datos;https://www.tukipass.com/eventos;https://www.tukipass.com/login;https://www.tukipass.com/organizadores;https://www.tukipass.com/politica-de-cookies;https://www.tukipass.com/politica-de-privacidad;https://www.tukipass.com/politica-de-reembolsos;https://www.tukipass.com/preguntas-frecuentes;https://www.tukipass.com/registro;https://www.tukipass.com/sobre-nosotros;https://www.tukipass.com/terminos-y-condiciones
https://www.tukipass.com/registro,200,https://www.tukipass.com/registro,True,https://www.tukipass.com/registro,"noindex, follow","Crear cuenta
 | Tukipass.com",Crear tu cuenta gratis,Signup Description,226,Organization|WebSite,200,https://www.tukipass.com;https://www.tukipass.com/blog;https://www.tukipass.com/contacto;https://www.tukipass.com/defensa-al-consumidor;https://www.tukipass.com/eliminacion-de-datos;https://www.tukipass.com/eventos;https://www.tukipass.com/login;https://www.tukipass.com/organizadores;https://www.tukipass.com/politica-de-cookies;https://www.tukipass.com/politica-de-privacidad;https://www.tukipass.com/politica-de-reembolsos;https://www.tukipass.com/preguntas-frecuentes;https://www.tukipass.com/registro;https://www.tukipass.com/sobre-nosotros;https://www.tukipass.com/terminos-y-condiciones
https://www.tukipass.com/sobre-nosotros,200,https://www.tukipass.com/sobre-nosotros,True,https://www.tukipass.com/sobre-nosotros,"index,follow,max-image-preview:large","Nosotros
   | Tukipass.com",Nosotros,about us descriptions,910,Organization|WebSite|BreadcrumbList,200,https://www.tukipass.com;https://www.tukipass.com/blog;https://www.tukipass.com/contacto;https://www.tukipass.com/defensa-al-consumidor;https://www.tukipass.com/eliminacion-de-datos;https://www.tukipass.com/eventos;https://www.tukipass.com/example.com;https://www.tukipass.com/login;https://www.tukipass.com/organizadores;https://www.tukipass.com/politica-de-cookies;https://www.tukipass.com/politica-de-privacidad;https://www.tukipass.com/politica-de-reembolsos;https://www.tukipass.com/preguntas-frecuentes;https://www.tukipass.com/registro;https://www.tukipass.com/sobre-nosotros;https://www.tukipass.com/terminos-y-condiciones
https://www.tukipass.com/terminos-y-condiciones,200,https://www.tukipass.com/terminos-y-condiciones,True,https://www.tukipass.com/terminos-y-condiciones,"index,follow,max-image-preview:large","Términos y condiciones
 | Tukipass.com",Términos y condiciones,"Conocé los términos de uso de TukiPass, operada por TAYRONA - GROUP S.A.S., para compradores y organizadores.",1002,Organization|WebSite,200,https://www.tukipass.com;https://www.tukipass.com/blog;https://www.tukipass.com/contacto;https://www.tukipass.com/defensa-al-consumidor;https://www.tukipass.com/eliminacion-de-datos;https://www.tukipass.com/eventos;https://www.tukipass.com/login;https://www.tukipass.com/organizadores;https://www.tukipass.com/politica-de-cookies;https://www.tukipass.com/politica-de-privacidad;https://www.tukipass.com/politica-de-reembolsos;https://www.tukipass.com/preguntas-frecuentes;https://www.tukipass.com/registro;https://www.tukipass.com/sobre-nosotros;https://www.tukipass.com/terminos-y-condiciones
https://www.tukipass.com/eventos?dates=2026-08-21%20a%202026-08-21,200,https://www.tukipass.com/eventos?dates=2026-08-21%20a%202026-08-21,True,https://www.tukipass.com/eventos,"index,follow,max-image-preview:large",Eventos en Argentina · Entradas y Tickets Online | Tukipass.com,Eventos para elegirsin perder tiempo,Event  Description,242,Organization|WebSite,200,https://www.tukipass.com;https://www.tukipass.com/blog;https://www.tukipass.com/contacto;https://www.tukipass.com/defensa-al-consumidor;https://www.tukipass.com/eliminacion-de-datos;https://www.tukipass.com/eventos;https://www.tukipass.com/eventos?dates=2026-08-21%20a%202026-08-21;https://www.tukipass.com/eventos?dates=2026-08-21%20a%202026-08-21&amp;category=conciertos-y-musica;https://www.tukipass.com/eventos?dates=2026-08-21%20a%202026-08-21&amp;category=conferencias;https://www.tukipass.com/eventos?dates=2026-08-21%20a%202026-08-21&amp;category=deportes;https://www.tukipass.com/eventos?dates=2026-08-21%20a%202026-08-21&amp;category=teatro-y-shows;https://www.tukipass.com/eventos?dates=2026-08-21%20a%202026-08-21&amp;event=;https://www.tukipass.com/eventos?dates=2026-08-21%20a%202026-08-21&amp;pricing=free;https://www.tukipass.com/eventos?dates=2026-08-21%20a%202026-08-21&amp;pricing=paid;https://www.tukipass.com/eventos?dates=2026-08-28%20a%202026-08-30;https://www.tukipass.com/login;https://www.tukipass.com/organizadores;https://www.tukipass.com/politica-de-cookies;https://www.tukipass.com/politica-de-privacidad;https://www.tukipass.com/politica-de-reembolsos;https://www.tukipass.com/preguntas-frecuentes;https://www.tukipass.com/registro;https://www.tukipass.com/sobre-nosotros;https://www.tukipass.com/terminos-y-condiciones
https://www.tukipass.com/eventos?dates=2026-08-28%20a%202026-08-30,200,https://www.tukipass.com/eventos?dates=2026-08-28%20a%202026-08-30,True,https://www.tukipass.com/eventos,"index,follow,max-image-preview:large",Eventos en Argentina · Entradas y Tickets Online | Tukipass.com,Eventos para elegirsin perder tiempo,Event  Description,242,Organization|WebSite,200,https://www.tukipass.com;https://www.tukipass.com/blog;https://www.tukipass.com/contacto;https://www.tukipass.com/defensa-al-consumidor;https://www.tukipass.com/eliminacion-de-datos;https://www.tukipass.com/eventos;https://www.tukipass.com/eventos?dates=2026-08-21%20a%202026-08-21;https://www.tukipass.com/eventos?dates=2026-08-28%20a%202026-08-30;https://www.tukipass.com/eventos?dates=2026-08-28%20a%202026-08-30&amp;category=conciertos-y-musica;https://www.tukipass.com/eventos?dates=2026-08-28%20a%202026-08-30&amp;category=conferencias;https://www.tukipass.com/eventos?dates=2026-08-28%20a%202026-08-30&amp;category=deportes;https://www.tukipass.com/eventos?dates=2026-08-28%20a%202026-08-30&amp;category=teatro-y-shows;https://www.tukipass.com/eventos?dates=2026-08-28%20a%202026-08-30&amp;event=;https://www.tukipass.com/eventos?dates=2026-08-28%20a%202026-08-30&amp;pricing=free;https://www.tukipass.com/eventos?dates=2026-08-28%20a%202026-08-30&amp;pricing=paid;https://www.tukipass.com/login;https://www.tukipass.com/organizadores;https://www.tukipass.com/politica-de-cookies;https://www.tukipass.com/politica-de-privacidad;https://www.tukipass.com/politica-de-reembolsos;https://www.tukipass.com/preguntas-frecuentes;https://www.tukipass.com/registro;https://www.tukipass.com/sobre-nosotros;https://www.tukipass.com/terminos-y-condiciones
https://www.tukipass.com/eventos?event=,200,https://www.tukipass.com/eventos?event=,True,https://www.tukipass.com/eventos,"index,follow,max-image-preview:large",Eventos en Argentina · Entradas y Tickets Online | Tukipass.com,Eventos para elegirsin perder tiempo,Event  Description,242,Organization|WebSite,200,https://www.tukipass.com;https://www.tukipass.com/blog;https://www.tukipass.com/contacto;https://www.tukipass.com/defensa-al-consumidor;https://www.tukipass.com/eliminacion-de-datos;https://www.tukipass.com/eventos;https://www.tukipass.com/eventos?category=conciertos-y-musica;https://www.tukipass.com/eventos?category=conferencias;https://www.tukipass.com/eventos?category=deportes;https://www.tukipass.com/eventos?category=teatro-y-shows;https://www.tukipass.com/eventos?dates=2026-08-21%20a%202026-08-21;https://www.tukipass.com/eventos?dates=2026-08-28%20a%202026-08-30;https://www.tukipass.com/eventos?event=;https://www.tukipass.com/eventos?pricing=free;https://www.tukipass.com/eventos?pricing=paid;https://www.tukipass.com/login;https://www.tukipass.com/organizadores;https://www.tukipass.com/politica-de-cookies;https://www.tukipass.com/politica-de-privacidad;https://www.tukipass.com/politica-de-reembolsos;https://www.tukipass.com/preguntas-frecuentes;https://www.tukipass.com/registro;https://www.tukipass.com/sobre-nosotros;https://www.tukipass.com/terminos-y-condiciones
https://www.tukipass.com/blog?category=business,200,https://www.tukipass.com/blog?category=business,True,https://www.tukipass.com/blog,"index,follow,max-image-preview:large","Novedades
   | Tukipass.com",Novedades,Blog Description,176,Organization|WebSite|Blog,200,https://www.tukipass.com;https://www.tukipass.com/blog;https://www.tukipass.com/blog?category=business;https://www.tukipass.com/blog?category=conference;https://www.tukipass.com/blog?category=others;https://www.tukipass.com/blog?category=wedding;https://www.tukipass.com/contacto;https://www.tukipass.com/defensa-al-consumidor;https://www.tukipass.com/eliminacion-de-datos;https://www.tukipass.com/eventos;https://www.tukipass.com/login;https://www.tukipass.com/organizadores;https://www.tukipass.com/politica-de-cookies;https://www.tukipass.com/politica-de-privacidad;https://www.tukipass.com/politica-de-reembolsos;https://www.tukipass.com/preguntas-frecuentes;https://www.tukipass.com/registro;https://www.tukipass.com/sobre-nosotros;https://www.tukipass.com/terminos-y-condiciones
https://www.tukipass.com/blog?category=conference,200,https://www.tukipass.com/blog?category=conference,True,https://www.tukipass.com/blog,"index,follow,max-image-preview:large","Novedades
   | Tukipass.com",Novedades,Blog Description,176,Organization|WebSite|Blog,200,https://www.tukipass.com;https://www.tukipass.com/blog;https://www.tukipass.com/blog?category=business;https://www.tukipass.com/blog?category=conference;https://www.tukipass.com/blog?category=others;https://www.tukipass.com/blog?category=wedding;https://www.tukipass.com/contacto;https://www.tukipass.com/defensa-al-consumidor;https://www.tukipass.com/eliminacion-de-datos;https://www.tukipass.com/eventos;https://www.tukipass.com/login;https://www.tukipass.com/organizadores;https://www.tukipass.com/politica-de-cookies;https://www.tukipass.com/politica-de-privacidad;https://www.tukipass.com/politica-de-reembolsos;https://www.tukipass.com/preguntas-frecuentes;https://www.tukipass.com/registro;https://www.tukipass.com/sobre-nosotros;https://www.tukipass.com/terminos-y-condiciones
https://www.tukipass.com/blog?category=others,200,https://www.tukipass.com/blog?category=others,True,https://www.tukipass.com/blog,"index,follow,max-image-preview:large","Novedades
   | Tukipass.com",Novedades,Blog Description,176,Organization|WebSite|Blog,200,https://www.tukipass.com;https://www.tukipass.com/blog;https://www.tukipass.com/blog?category=business;https://www.tukipass.com/blog?category=conference;https://www.tukipass.com/blog?category=others;https://www.tukipass.com/blog?category=wedding;https://www.tukipass.com/contacto;https://www.tukipass.com/defensa-al-consumidor;https://www.tukipass.com/eliminacion-de-datos;https://www.tukipass.com/eventos;https://www.tukipass.com/login;https://www.tukipass.com/organizadores;https://www.tukipass.com/politica-de-cookies;https://www.tukipass.com/politica-de-privacidad;https://www.tukipass.com/politica-de-reembolsos;https://www.tukipass.com/preguntas-frecuentes;https://www.tukipass.com/registro;https://www.tukipass.com/sobre-nosotros;https://www.tukipass.com/terminos-y-condiciones
https://www.tukipass.com/blog?category=wedding,200,https://www.tukipass.com/blog?category=wedding,True,https://www.tukipass.com/blog,"index,follow,max-image-preview:large","Novedades
   | Tukipass.com",Novedades,Blog Description,176,Organization|WebSite|Blog,200,https://www.tukipass.com;https://www.tukipass.com/blog;https://www.tukipass.com/blog?category=business;https://www.tukipass.com/blog?category=conference;https://www.tukipass.com/blog?category=others;https://www.tukipass.com/blog?category=wedding;https://www.tukipass.com/contacto;https://www.tukipass.com/defensa-al-consumidor;https://www.tukipass.com/eliminacion-de-datos;https://www.tukipass.com/eventos;https://www.tukipass.com/login;https://www.tukipass.com/organizadores;https://www.tukipass.com/politica-de-cookies;https://www.tukipass.com/politica-de-privacidad;https://www.tukipass.com/politica-de-reembolsos;https://www.tukipass.com/preguntas-frecuentes;https://www.tukipass.com/registro;https://www.tukipass.com/sobre-nosotros;https://www.tukipass.com/terminos-y-condiciones
https://www.tukipass.com/example.com,404,https://www.tukipass.com/example.com,True,https://www.tukipass.com/example.com,"noindex,follow",Página no encontrada | Tukipass.com,404 — Página no encontrada,La página que buscás no existe o fue movida. Volvé al inicio para seguir explorando eventos en Tukipass.,152,Organization|WebSite,404,https://www.tukipass.com;https://www.tukipass.com/blog;https://www.tukipass.com/contacto;https://www.tukipass.com/defensa-al-consumidor;https://www.tukipass.com/eliminacion-de-datos;https://www.tukipass.com/eventos;https://www.tukipass.com/login;https://www.tukipass.com/organizadores;https://www.tukipass.com/politica-de-cookies;https://www.tukipass.com/politica-de-privacidad;https://www.tukipass.com/politica-de-reembolsos;https://www.tukipass.com/preguntas-frecuentes;https://www.tukipass.com/registro;https://www.tukipass.com/sobre-nosotros;https://www.tukipass.com/terminos-y-condiciones
https://www.tukipass.com/recuperar-contrasena,200,https://www.tukipass.com/recuperar-contrasena,True,https://www.tukipass.com/recuperar-contrasena,"index,follow,max-image-preview:large",Olvidé mi contraseña | Tukipass.com,¿Olvidaste tu contraseña?,Forget Password Description,159,Organization|WebSite,200,https://www.tukipass.com;https://www.tukipass.com/blog;https://www.tukipass.com/contacto;https://www.tukipass.com/defensa-al-consumidor;https://www.tukipass.com/eliminacion-de-datos;https://www.tukipass.com/eventos;https://www.tukipass.com/login;https://www.tukipass.com/organizadores;https://www.tukipass.com/politica-de-cookies;https://www.tukipass.com/politica-de-privacidad;https://www.tukipass.com/politica-de-reembolsos;https://www.tukipass.com/preguntas-frecuentes;https://www.tukipass.com/registro;https://www.tukipass.com/sobre-nosotros;https://www.tukipass.com/terminos-y-condiciones
https://www.tukipass.com/addto/wishlist/118,200,https://www.tukipass.com/login,True,https://www.tukipass.com/login,"noindex, follow","Ingresar
 | Tukipass.com",Bienvenido de vuelta,Login Description,173,Organization|WebSite,200,https://www.tukipass.com;https://www.tukipass.com/blog;https://www.tukipass.com/contacto;https://www.tukipass.com/defensa-al-consumidor;https://www.tukipass.com/eliminacion-de-datos;https://www.tukipass.com/eventos;https://www.tukipass.com/login;https://www.tukipass.com/organizadores;https://www.tukipass.com/politica-de-cookies;https://www.tukipass.com/politica-de-privacidad;https://www.tukipass.com/politica-de-reembolsos;https://www.tukipass.com/preguntas-frecuentes;https://www.tukipass.com/recuperar-contrasena;https://www.tukipass.com/registro;https://www.tukipass.com/sobre-nosotros;https://www.tukipass.com/terminos-y-condiciones
https://www.tukipass.com/eventos?category=fiestas,200,https://www.tukipass.com/eventos?category=fiestas,True,https://www.tukipass.com/eventos,"index,follow,max-image-preview:large",Eventos en Argentina · Entradas y Tickets Online | Tukipass.com,Eventos para elegirsin perder tiempo,Event  Description,242,Organization|WebSite,200,https://www.tukipass.com;https://www.tukipass.com/blog;https://www.tukipass.com/contacto;https://www.tukipass.com/defensa-al-consumidor;https://www.tukipass.com/eliminacion-de-datos;https://www.tukipass.com/eventos;https://www.tukipass.com/eventos?category=conciertos-y-musica;https://www.tukipass.com/eventos?category=conferencias;https://www.tukipass.com/eventos?category=deportes;https://www.tukipass.com/eventos?category=fiestas&amp;dates=2026-08-21%20a%202026-08-21;https://www.tukipass.com/eventos?category=fiestas&amp;dates=2026-08-28%20a%202026-08-30;https://www.tukipass.com/eventos?category=fiestas&amp;event=;https://www.tukipass.com/eventos?category=fiestas&amp;pricing=free;https://www.tukipass.com/eventos?category=fiestas&amp;pricing=paid;https://www.tukipass.com/eventos?category=teatro-y-shows;https://www.tukipass.com/login;https://www.tukipass.com/organizadores;https://www.tukipass.com/politica-de-cookies;https://www.tukipass.com/politica-de-privacidad;https://www.tukipass.com/politica-de-reembolsos;https://www.tukipass.com/preguntas-frecuentes;https://www.tukipass.com/registro;https://www.tukipass.com/sobre-nosotros;https://www.tukipass.com/terminos-y-condiciones
https://www.tukipass.com/addto/wishlist/119,200,https://www.tukipass.com/login,True,https://www.tukipass.com/login,"noindex, follow","Ingresar
 | Tukipass.com",Bienvenido de vuelta,Login Description,173,Organization|WebSite,200,https://www.tukipass.com;https://www.tukipass.com/blog;https://www.tukipass.com/contacto;https://www.tukipass.com/defensa-al-consumidor;https://www.tukipass.com/eliminacion-de-datos;https://www.tukipass.com/eventos;https://www.tukipass.com/login;https://www.tukipass.com/organizadores;https://www.tukipass.com/politica-de-cookies;https://www.tukipass.com/politica-de-privacidad;https://www.tukipass.com/politica-de-reembolsos;https://www.tukipass.com/preguntas-frecuentes;https://www.tukipass.com/recuperar-contrasena;https://www.tukipass.com/registro;https://www.tukipass.com/sobre-nosotros;https://www.tukipass.com/terminos-y-condiciones
https://www.tukipass.com/addto/wishlist/120,200,https://www.tukipass.com/login,True,https://www.tukipass.com/login,"noindex, follow","Ingresar
 | Tukipass.com",Bienvenido de vuelta,Login Description,173,Organization|WebSite,200,https://www.tukipass.com;https://www.tukipass.com/blog;https://www.tukipass.com/contacto;https://www.tukipass.com/defensa-al-consumidor;https://www.tukipass.com/eliminacion-de-datos;https://www.tukipass.com/eventos;https://www.tukipass.com/login;https://www.tukipass.com/organizadores;https://www.tukipass.com/politica-de-cookies;https://www.tukipass.com/politica-de-privacidad;https://www.tukipass.com/politica-de-reembolsos;https://www.tukipass.com/preguntas-frecuentes;https://www.tukipass.com/recuperar-contrasena;https://www.tukipass.com/registro;https://www.tukipass.com/sobre-nosotros;https://www.tukipass.com/terminos-y-condiciones
https://www.tukipass.com/addto/wishlist/121,200,https://www.tukipass.com/login,True,https://www.tukipass.com/login,"noindex, follow","Ingresar
 | Tukipass.com",Bienvenido de vuelta,Login Description,173,Organization|WebSite,200,https://www.tukipass.com;https://www.tukipass.com/blog;https://www.tukipass.com/contacto;https://www.tukipass.com/defensa-al-consumidor;https://www.tukipass.com/eliminacion-de-datos;https://www.tukipass.com/eventos;https://www.tukipass.com/login;https://www.tukipass.com/organizadores;https://www.tukipass.com/politica-de-cookies;https://www.tukipass.com/politica-de-privacidad;https://www.tukipass.com/politica-de-reembolsos;https://www.tukipass.com/preguntas-frecuentes;https://www.tukipass.com/recuperar-contrasena;https://www.tukipass.com/registro;https://www.tukipass.com/sobre-nosotros;https://www.tukipass.com/terminos-y-condiciones
https://www.tukipass.com/addto/wishlist/122,200,https://www.tukipass.com/login,True,https://www.tukipass.com/login,"noindex, follow","Ingresar
 | Tukipass.com",Bienvenido de vuelta,Login Description,173,Organization|WebSite,200,https://www.tukipass.com;https://www.tukipass.com/blog;https://www.tukipass.com/contacto;https://www.tukipass.com/defensa-al-consumidor;https://www.tukipass.com/eliminacion-de-datos;https://www.tukipass.com/eventos;https://www.tukipass.com/login;https://www.tukipass.com/organizadores;https://www.tukipass.com/politica-de-cookies;https://www.tukipass.com/politica-de-privacidad;https://www.tukipass.com/politica-de-reembolsos;https://www.tukipass.com/preguntas-frecuentes;https://www.tukipass.com/recuperar-contrasena;https://www.tukipass.com/registro;https://www.tukipass.com/sobre-nosotros;https://www.tukipass.com/terminos-y-condiciones
https://www.tukipass.com/addto/wishlist/123,200,https://www.tukipass.com/login,True,https://www.tukipass.com/login,"noindex, follow","Ingresar
 | Tukipass.com",Bienvenido de vuelta,Login Description,173,Organization|WebSite,200,https://www.tukipass.com;https://www.tukipass.com/blog;https://www.tukipass.com/contacto;https://www.tukipass.com/defensa-al-consumidor;https://www.tukipass.com/eliminacion-de-datos;https://www.tukipass.com/eventos;https://www.tukipass.com/login;https://www.tukipass.com/organizadores;https://www.tukipass.com/politica-de-cookies;https://www.tukipass.com/politica-de-privacidad;https://www.tukipass.com/politica-de-reembolsos;https://www.tukipass.com/preguntas-frecuentes;https://www.tukipass.com/recuperar-contrasena;https://www.tukipass.com/registro;https://www.tukipass.com/sobre-nosotros;https://www.tukipass.com/terminos-y-condiciones
