Consultas principales,Clics,Impresiones,CTR,Posición
tukipass,46,53,86.79%,1
colombia vs suiza,0,4,0%,7.75
fan fest palermo,0,4,0%,8.25
como comprar entradas,0,2,0%,3
ticket ya entradas,0,1,0%,1
tuki,0,1,0%,1
portaltickets entradas,0,1,0%,2
ticketek argentina entradas,0,1,0%,2
wwwentrada uno.com,0,1,0%,2
viewing party,0,1,0%,3
colombia vs gana,0,1,0%,10
fiesta dosmilera,0,1,0%,11
portugal vs congo,0,1,0%,11
colombia vs congo,0,1,0%,14
tu ticket argentina,0,1,0%,15
colombia vs suiça,0,1,0%,24
kasi tickets,0,1,0%,35
todopass,0,1,0%,35
eventos argentina,0,1,0%,45
entradas online,0,1,0%,69